{
    "accuracy": 0.9409627611262489,
    "precision": 0.864,
    "recall": 0.6923076923076923
}
